2017inwla_0,District Chairman's Award,frc868,
2017inwla_1,District Event Winner,frc234,
2017inwla_1,District Event Winner,frc1018,
2017inwla_1,District Event Winner,frc4926,
2017inwla_10,Rookie All Star Award,frc6451,
2017inwla_11,Gracious Professionalism Award sponsored by Johnson & Johnson,frc461,
2017inwla_13,Judges' Award,frc1024,
2017inwla_14,Highest Rookie Seed,frc6451,
2017inwla_15,Rookie Inspiration Award sponsored by National Instruments,frc6498,
2017inwla_16,Industrial Design Award sponsored by General Motors,frc1018,
2017inwla_17,Quality Award sponsored by Motorola Solutions Foundation,frc1741,
2017inwla_18,Safety Award sponsored by Underwriters Laboratories,frc1501,
2017inwla_2,District Event Finalist,frc4272,
2017inwla_2,District Event Finalist,frc1501,
2017inwla_2,District Event Finalist,frc447,
2017inwla_20,Creativity Award sponsored by Xerox,frc4103,
2017inwla_21,Excellence in Engineering Award sponsored by Delphi,frc829,
2017inwla_22,Entrepreneurship Award sponsored by Kleiner Perkins Caufield and Byers,frc3176,
2017inwla_27,Imagery Award in honor of Jack Kamen,frc3940,
2017inwla_29,Innovation in Control Award sponsored by Rockwell Automation,frc141,
2017inwla_30,Team Spirit Award sponsored by FCA Foundation,frc1529,
2017inwla_9,District Engineering Inspiration Award,frc1747,
