2009ok_0,Regional Chairman's Award,frc932,
2009ok_1,Regional Winner,frc1742,
2009ok_1,Regional Winner,frc1561,
2009ok_1,Regional Winner,frc2004,
2009ok_10,Rookie All Star Award,frc2779,
2009ok_11,Johnson & Johnson Gracious Professionalism,frc476,
2009ok_13,Judges Award,frc2341,
2009ok_13,Judges Award,frc2398,
2009ok_14,Highest Rookie Seed Award,frc2829,
2009ok_15,Rookie Inspiration Award,frc2765,
2009ok_16,General Motors Industrial Design Award,frc1742,
2009ok_17,Motorola Quality Award,frc2773,
2009ok_18,Underwriters Laboratories Industrial Safety Award,frc932,
2009ok_2,Regional Finalist,frc2461,
2009ok_2,Regional Finalist,frc2424,
2009ok_2,Regional Finalist,frc2333,
2009ok_20,Xerox Creativity Award,frc2354,
2009ok_22,Kleiner Perkins Caufield & Byers Entrepreneurship Award,frc932,
2009ok_26,"Delphi ""Driving Tomorrow's Technology"" Award",frc2165,
2009ok_27,Imagery Award,frc2352,
2009ok_29,Rockwell Automation Innovation in Control Award,frc1742,
2009ok_3,Woodie Flowers Award,frc932,Joe Matheson
2009ok_30,Chrysler Team Spirit Award,frc2388,
2009ok_31,Website Award,frc2424,
2009ok_5,Outstanding Volunteer Award,,Ed Latimer & Ken York
2009ok_9,Regional Engineering Inspiration Award,frc1561,
