2017cave_0,Regional Chairman's Award,frc3925,
2017cave_1,Regional Winners,frc2576,
2017cave_1,Regional Winners,frc114,
2017cave_1,Regional Winners,frc3925,
2017cave_10,Rookie All Star Award,frc6560,
2017cave_11,Gracious Professionalism Award sponsored by Johnson & Johnson,frc3882,
2017cave_13,Judges' Award,frc702,
2017cave_14,Highest Rookie Seed,frc6560,
2017cave_15,Rookie Inspiration Award sponsored by National Instruments,frc6398,
2017cave_16,Industrial Design Award sponsored by General Motors,frc599,
2017cave_17,Quality Award sponsored by Motorola Solutions Foundation,frc3512,
2017cave_18,Safety Award sponsored by Underwriters Laboratories,frc1622,
2017cave_2,Regional Finalists,frc3512,
2017cave_2,Regional Finalists,frc5818,
2017cave_2,Regional Finalists,frc5136,
2017cave_20,Creativity Award sponsored by Xerox,frc8,
2017cave_21,Excellence in Engineering Award sponsored by Delphi,frc5818,
2017cave_22,Entrepreneurship Award sponsored by Kleiner Perkins Caufield and Byers,frc8,
2017cave_27,Imagery Award in honor of Jack Kamen,frc589,
2017cave_29,Innovation in Control Award sponsored by Rockwell Automation,frc114,
2017cave_3,Woodie Flowers Finalist Award,frc589,Lyn Repath-Martos
2017cave_30,Team Spirit Award sponsored by FCA Foundation,frc5802,
2017cave_4,FIRST Dean's List Finalist Award,frc8,Simran Pujji
2017cave_4,FIRST Dean's List Finalist Award,frc599,Michael McNabb
2017cave_5,Volunteer of the Year,,Ria Sim
2017cave_68,Wildcard,frc3512,
2017cave_68,Wildcard,frc5818,
2017cave_68,Wildcard,frc5136,
2017cave_9,Regional Engineering Inspiration Award,frc2576,
