2017gaalb_0,District Chairman's Award,frc4730,
2017gaalb_1,District Event Winner,frc4188,
2017gaalb_1,District Event Winner,frc2974,
2017gaalb_1,District Event Winner,frc5828,
2017gaalb_10,Rookie All Star Award,frc6471,
2017gaalb_11,Gracious Professionalism Award sponsored by Johnson & Johnson,frc2974,
2017gaalb_13,Judges' Award,frc5632,
2017gaalb_14,Highest Rookie Seed,frc6471,
2017gaalb_15,Rookie Inspiration Award sponsored by National Instruments,frc6349,
2017gaalb_16,Industrial Design Award sponsored by General Motors,frc5074,
2017gaalb_17,Quality Award sponsored by Motorola Solutions Foundation,frc4188,
2017gaalb_18,Safety Award sponsored by Underwriters Laboratories,frc4188,
2017gaalb_2,District Event Finalist,frc4080,
2017gaalb_2,District Event Finalist,frc4941,
2017gaalb_2,District Event Finalist,frc6714,
2017gaalb_20,Creativity Award sponsored by Xerox,frc3329,
2017gaalb_21,Excellence in Engineering Award sponsored by Delphi,frc4459,
2017gaalb_22,Entrepreneurship Award sponsored by Kleiner Perkins Caufield and Byers,frc2974,
2017gaalb_27,Imagery Award in honor of Jack Kamen,frc4080,
2017gaalb_29,Innovation in Control Award sponsored by Rockwell Automation,frc1261,
2017gaalb_30,Team Spirit Award sponsored by FCA Foundation,frc1771,
2017gaalb_9,District Engineering Inspiration Award,frc4189,
