2017onto2_0,District Chairman's Award,frc4039,
2017onto2_1,District Event Winner,frc4039,
2017onto2_1,District Event Winner,frc4939,
2017onto2_1,District Event Winner,frc6141,
2017onto2_10,Rookie All Star Award,frc6387,
2017onto2_11,Gracious Professionalism Award sponsored by Johnson & Johnson,frc4732,
2017onto2_13,Judges' Award,frc5719,
2017onto2_14,Highest Rookie Seed,frc6387,
2017onto2_15,Rookie Inspiration Award sponsored by National Instruments,frc6564,
2017onto2_16,Industrial Design Award sponsored by General Motors,frc5406,
2017onto2_17,Quality Award sponsored by Motorola Solutions Foundation,frc5428,
2017onto2_18,Safety Award sponsored by Underwriters Laboratories,frc1305,
2017onto2_2,District Event Finalist,frc5076,
2017onto2_2,District Event Finalist,frc1305,
2017onto2_2,District Event Finalist,frc5911,
2017onto2_20,Creativity Award sponsored by Xerox,frc5076,
2017onto2_21,Excellence in Engineering Award sponsored by Delphi,frc216,
2017onto2_22,Entrepreneurship Award sponsored by Kleiner Perkins Caufield and Byers,frc1305,
2017onto2_27,Imagery Award in honor of Jack Kamen,frc1075,
2017onto2_29,Innovation in Control Award sponsored by Rockwell Automation,frc4939,
2017onto2_30,Team Spirit Award sponsored by FCA Foundation,frc746,
2017onto2_9,District Engineering Inspiration Award,frc5406,
