2017waspo_0,District Chairman's Award,frc1595,
2017waspo_1,District Event Winner,frc1595,
2017waspo_1,District Event Winner,frc5920,
2017waspo_1,District Event Winner,frc6076,
2017waspo_11,Gracious Professionalism Award sponsored by Johnson & Johnson,frc4061,
2017waspo_13,Judges' Award,frc2147,
2017waspo_16,Industrial Design Award sponsored by General Motors,frc5920,
2017waspo_17,Quality Award sponsored by Motorola Solutions Foundation,frc4911,
2017waspo_18,Safety Award sponsored by Underwriters Laboratories,frc3238,
2017waspo_2,District Event Finalist,frc4513,
2017waspo_2,District Event Finalist,frc3238,
2017waspo_2,District Event Finalist,frc4104,
2017waspo_20,Creativity Award sponsored by Xerox,frc6129,
2017waspo_21,Excellence in Engineering Award sponsored by Delphi,frc5468,
2017waspo_22,Entrepreneurship Award sponsored by Kleiner Perkins Caufield and Byers,frc2944,
2017waspo_27,Imagery Award in honor of Jack Kamen,frc4309,
2017waspo_29,Innovation in Control Award sponsored by Rockwell Automation,frc4513,
2017waspo_30,Team Spirit Award sponsored by FCA Foundation,frc3238,
2017waspo_9,District Engineering Inspiration Award,frc4980,
