2017waamv_0,District Chairman's Award,frc1318,
2017waamv_1,District Event Winner,frc4915,
2017waamv_1,District Event Winner,frc5803,
2017waamv_1,District Event Winner,frc3223,
2017waamv_10,Rookie All Star Award,frc6350,
2017waamv_11,Gracious Professionalism Award sponsored by Johnson & Johnson,frc2046,
2017waamv_13,Judges' Award,frc3786,
2017waamv_14,Highest Rookie Seed,frc6350,
2017waamv_15,Rookie Inspiration Award sponsored by National Instruments,frc6503,
2017waamv_16,Industrial Design Award sponsored by General Motors,frc5803,
2017waamv_17,Quality Award sponsored by Motorola Solutions Foundation,frc1294,
2017waamv_18,Safety Award sponsored by Underwriters Laboratories,frc5827,
2017waamv_2,District Event Finalist,frc4469,
2017waamv_2,District Event Finalist,frc5588,
2017waamv_2,District Event Finalist,frc4681,
2017waamv_20,Creativity Award sponsored by Xerox,frc1899,
2017waamv_21,Excellence in Engineering Award sponsored by Delphi,frc5588,
2017waamv_22,Entrepreneurship Award sponsored by Kleiner Perkins Caufield and Byers,frc2907,
2017waamv_27,Imagery Award in honor of Jack Kamen,frc2930,
2017waamv_29,Innovation in Control Award sponsored by Rockwell Automation,frc4450,
2017waamv_30,Team Spirit Award sponsored by FCA Foundation,frc5827,
2017waamv_9,District Engineering Inspiration Award,frc4915,
